{
  "npz_path": "logs/sim-guided/top_tsr=100_class=0_eta=1/samples_1x64x64x1.npz",
  "sample_index": 0,
  "lambda_um": [
    1.6,
    1.589403973509934,
    1.5789473684210527,
    1.5686274509803924,
    1.5584415584415585,
    1.5483870967741937,
    1.5384615384615388,
    1.528662420382166,
    1.5189873417721522,
    1.5094339622641513,
    1.5000000000000004
  ],
  "T_top_TE": [
    0.6892552053347464,
    0.7584749792372729,
    0.8465804358239176,
    0.9074222424025654,
    0.9414557328395137,
    0.9622095453036318,
    0.9545814666450569,
    0.8917065215776112,
    0.8079313563287595,
    0.7375648752744103,
    0.6224266506643036
  ],
  "T_bottom_TE": [
    0.0603278938947978,
    0.043088490865702066,
    0.0358484632781045,
    0.03237127031063464,
    0.023306882757336046,
    0.0109918630683662,
    0.013625977329480957,
    0.05417595494719595,
    0.10251752817301757,
    0.1550541867666851,
    0.24178242847517528
  ],
  "T_top_TM": [
    0.07500910021686423,
    0.06892319542651769,
    0.06967285119765097,
    0.04970082762483795,
    0.02253050623633134,
    0.0088038623836562,
    0.013603230221968344,
    0.027168967821882082,
    0.04143809022376099,
    0.0546630240628416,
    0.0677659995652822
  ],
  "T_bottom_TM": [
    0.7196272040388698,
    0.7281555788645635,
    0.7597017395157927,
    0.8665898755014321,
    0.9396004407576232,
    0.9626513276596225,
    0.9516959323792533,
    0.9188394210761544,
    0.8791965040570753,
    0.8250704323090388,
    0.7531129057622044
  ],
  "IL_top_TE_dB": [
    1.616199453678246,
    1.2005874125617597,
    0.7233177213875279,
    0.42190579671821293,
    0.2620009565315825,
    0.1673033912735054,
    0.20187001786156678,
    0.4977805709390791,
    0.9262553629723378,
    1.3219977367585434,
    2.05911820278243
  ],
  "IL_bottom_TM_dB": [
    1.4289242739895556,
    1.377758187314321,
    1.1935687917522666,
    0.6218638919911166,
    0.27056788170976365,
    0.16530985869696635,
    0.21501786892197372,
    0.36760380489875116,
    0.5591404746325078,
    0.8350897622882025,
    1.231399100227629
  ],
  "XT_TE_dB": [
    -10.57861890692722,
    -12.455799751497734,
    -13.731976844309896,
    -14.476496780445853,
    -16.063157128437833,
    -19.421983513671755,
    -18.45445336177301,
    -12.164153676375197,
    -8.965763374529029,
    -6.773167287915735,
    -4.106634443786875
  ],
  "XT_TM_dB": [
    -9.81993616753725,
    -10.238587772068444,
    -10.375795374463683,
    -12.414499900779663,
    -16.201722618644094,
    -20.38795768809853,
    -18.448561649585873,
    -15.291664800907178,
    -13.266862208675029,
    -11.787973697506606,
    -10.458482413158492
  ],
  "bandwidth_um": 0.06074155312776797,
  "bandwidth_criteria": {
    "IL_top_TE_dB<=3": true,
    "IL_bottom_TM_dB<=3": true,
    "XT_TE_dB<=-10": true,
    "XT_TM_dB<=-10": true
  }
}