{
  "npz_path": "logs/sim-guided/top_tsr=100_class=0_eta=1/samples_1x64x64x1_bin.npz",
  "sample_index": 0,
  "lambda_um": [
    1.6,
    1.589403973509934,
    1.5789473684210527,
    1.5686274509803924,
    1.5584415584415585,
    1.5483870967741937,
    1.5384615384615388,
    1.528662420382166,
    1.5189873417721522,
    1.5094339622641513,
    1.5000000000000004
  ],
  "T_top_TE": [
    0.6877181974482913,
    0.7349416168175177,
    0.8236703906766568,
    0.8860889691377748,
    0.9309647767230733,
    0.9513969978626104,
    0.9296779754542785,
    0.8510844232730398,
    0.73683751317558,
    0.6207669141592012,
    0.5269464658522273
  ],
  "T_bottom_TE": [
    0.05119905221996751,
    0.05747151587909318,
    0.04715611212162008,
    0.036446241563043685,
    0.019000302277645206,
    0.006640991160990883,
    0.017548701844981533,
    0.06666296285603569,
    0.13812192513421762,
    0.22754970071470484,
    0.29322726068872806
  ],
  "T_top_TM": [
    0.04802998171089432,
    0.060608842096751575,
    0.05906240130234468,
    0.038943685569524565,
    0.016053147710933014,
    0.009133583224125311,
    0.016614168998138522,
    0.026188549246349415,
    0.03649083869294661,
    0.04787951557899586,
    0.07639202982534227
  ],
  "T_bottom_TM": [
    0.7651318069599962,
    0.7725572102007398,
    0.7812792046541741,
    0.8728783022173839,
    0.9336451118811389,
    0.9478510212337962,
    0.9277082468473619,
    0.8881406679873948,
    0.8392161497538118,
    0.7721285939847807,
    0.6962959290814037
  ],
  "IL_top_TE_dB": [
    1.6258948380569174,
    1.337471595567188,
    0.8424654576436597,
    0.5252266991234457,
    0.31066750344316024,
    0.21638223332092787,
    0.31667457577113345,
    0.7002735796112814,
    1.3262827185785442,
    2.070714383043188,
    2.7823350388789043
  ],
  "IL_bottom_TM_dB": [
    1.1626374379464817,
    1.1206934989082533,
    1.0719373517350794,
    0.5904630195270266,
    0.29818172207202315,
    0.2325991766244971,
    0.32588582731638754,
    0.5151824312626242,
    0.7612616723409065,
    1.1231036416274813,
    1.5720614393493388
  ],
  "XT_TE_dB": [
    -11.281485946614524,
    -11.068001881293306,
    -12.422154625995812,
    -13.858245807699499,
    -16.901727394154765,
    -21.561288744652735,
    -17.2408754711515,
    -11.060880299331203,
    -7.271091052554933,
    -4.358522930604629,
    -2.5456215287119717
  ],
  "XT_TM_dB": [
    -12.022238349398322,
    -11.053946630110431,
    -11.214951647114095,
    -13.50516647967927,
    -17.64621625977251,
    -20.160988919700486,
    -17.469327935047414,
    -15.303703161716413,
    -13.616899876113454,
    -12.075398880556818,
    -9.597458061737154
  ],
  "bandwidth_um": 0.07133757961783416,
  "bandwidth_criteria": {
    "IL_top_TE_dB<=3": true,
    "IL_bottom_TM_dB<=3": true,
    "XT_TE_dB<=-10": true,
    "XT_TM_dB<=-10": true
  }
}